feature,gain
pre_score,5592118.329877257
nums_jacc,2432810.9322212934
pre_score_rank,2142882.082912922
name_partial,1267633.4863601923
pre_score_gap,907919.0980757475
nums_conflict,647057.2579499483
name_tsort,518827.2476118803
addr_jacc,439569.7273263931
legal_conflict,193585.914083004
addr_tset,192356.0812702179
name_len_o,181394.6200493574
addr_partial,162833.793238163
compact_ratio,133120.99163079262
state_conflict,124052.16310501099
name_jacc,123138.80236637592
name_jw,122919.01889538765
addr_key_tset,115412.25862383842
addr_ratio,110049.5430366993
name_len_diff,107270.21594834328
legal_jacc,100994.94491708279
compact_partial,92525.73088753223
nums_first_eq,89598.10414803028
nums_both,72021.94424593449
nums_any,71956.72943043709
addr_missing_o,70688.7137260437
name_key_ratio,55166.8706266284
name_first_eq,54487.73862171173
addr_tset_rank,52771.64962399006
name_ratio,43583.80588686466
name_tset_rank,39784.88386082649
name_len_s1,38320.74341011047
addr_tset_gap,35144.47826910019
name_tset,34659.74764740467
n_keys,31682.868054389954
legal_both,26267.764869213104
o_translit,20716.09344112873
name_key_tset,18595.416454553604
name_tset_gap,13343.129108071327
name_any,5889.924143791199
src3,4205.864991784096
n_cands,2848.4230850934982
state_both,2434.7031371593475
state_eq,1598.280480146408
alt_tset,583.9515398740768
name_exact,508.97321128845215
addr_missing_s1,0.0
