threshold,relative,n_s1,macro_f05,macro_f05_singletons,macro_f05_non_singletons,singleton_share,pairs_pred,pairs_true,pairs_tp,micro_precision,micro_recall,macro_precision,macro_recall,false_merges_on_singletons
0.6,0.7,60000,0.9305113265526137,0.9305974652987327,0.9305062906741843,0.055233333333333336,180149,207452,177652,0.9861392513974543,0.8563523128241713,0.9843676921309421,0.8575317109787702,230
0.65,0.7,60000,0.9305045887696278,0.9414604707302353,0.9298640815400216,0.055233333333333336,180024,207452,177590,0.9864795805003778,0.8560534485085707,0.985282757281498,0.8570257071447842,194
0.65,0.3,60000,0.9303143892045154,0.9414604707302353,0.9296627624505331,0.055233333333333336,181209,207452,178405,0.984526154881932,0.8599820681410639,0.9835589923055067,0.8604687271452433,194
0.65,0.0,60000,0.9303143892045154,0.9414604707302353,0.9296627624505331,0.055233333333333336,181209,207452,178405,0.984526154881932,0.8599820681410639,0.9835589923055067,0.8604687271452433,194
0.65,0.5,60000,0.9303143892045154,0.9414604707302353,0.9296627624505331,0.055233333333333336,181209,207452,178405,0.984526154881932,0.8599820681410639,0.9835589923055067,0.8604687271452433,194
0.7,0.0,60000,0.9301659999815798,0.9471937235968618,0.9291705182742616,0.055233333333333336,179898,207452,177499,0.9866646655326907,0.8556147928195438,0.9856771373799433,0.85626462227122,175
0.7,0.5,60000,0.9301659999815798,0.9471937235968618,0.9291705182742616,0.055233333333333336,179898,207452,177499,0.9866646655326907,0.8556147928195438,0.9856771373799433,0.85626462227122,175
0.7,0.3,60000,0.9301659999815798,0.9471937235968618,0.9291705182742616,0.055233333333333336,179898,207452,177499,0.9866646655326907,0.8556147928195438,0.9856771373799433,0.85626462227122,175
0.7,0.7,60000,0.9301659999815798,0.9471937235968618,0.9291705182742616,0.055233333333333336,179898,207452,177499,0.9866646655326907,0.8556147928195438,0.9856771373799433,0.85626462227122,175
0.6,0.0,60000,0.9298093548722502,0.9305974652987327,0.9297632800397808,0.055233333333333336,182984,207452,179528,0.9811131027849429,0.8653953685671866,0.9798572001583908,0.8657194707290851,230
0.6,0.3,60000,0.9298093548722502,0.9305974652987327,0.9297632800397808,0.055233333333333336,182984,207452,179528,0.9811131027849429,0.8653953685671866,0.9798572001583908,0.8657194707290851,230
0.6,0.5,60000,0.9298093548722502,0.9305974652987327,0.9297632800397808,0.055233333333333336,182984,207452,179528,0.9811131027849429,0.8653953685671866,0.9798572001583908,0.8657194707290851,230
0.55,0.7,60000,0.9297277662141238,0.8925769462884732,0.9318996925669023,0.055233333333333336,180490,207452,177812,0.9851626128871406,0.8571235755741087,0.9817973018740282,0.8587151727556767,356
0.75,0.5,60000,0.929670837639146,0.9544357272178636,0.928223022586684,0.055233333333333336,178411,207452,176430,0.9888964245478138,0.850461793571525,0.9880180776014109,0.8512047589416781,151
0.75,0.3,60000,0.929670837639146,0.9544357272178636,0.928223022586684,0.055233333333333336,178411,207452,176430,0.9888964245478138,0.850461793571525,0.9880180776014109,0.8512047589416781,151
0.75,0.0,60000,0.929670837639146,0.9544357272178636,0.928223022586684,0.055233333333333336,178411,207452,176430,0.9888964245478138,0.850461793571525,0.9880180776014109,0.8512047589416781,151
0.75,0.7,60000,0.929670837639146,0.9544357272178636,0.928223022586684,0.055233333333333336,178411,207452,176430,0.9888964245478138,0.850461793571525,0.9880180776014109,0.8512047589416781,151
0.5,0.7,60000,0.9293968312870957,0.8750754375377188,0.9325725907142107,0.055233333333333336,180636,207452,177882,0.9847538696605328,0.8574610030272063,0.9806884776485462,0.8592844323192205,414
0.45,0.7,60000,0.9290903000134303,0.8602896801448401,0.9331125498501538,0.055233333333333336,180757,207452,177936,0.9843934121500135,0.8577213042053101,0.9796850261617784,0.8597286925128014,463
0.8,0.0,60000,0.9287138756372341,0.96016898008449,0.9268749345205879,0.055233333333333336,176835,207452,175208,0.9907993327112845,0.8445712743188786,0.9898827585435793,0.8455804943350368,132
0.8,0.7,60000,0.9287138756372341,0.96016898008449,0.9268749345205879,0.055233333333333336,176835,207452,175208,0.9907993327112845,0.8445712743188786,0.9898827585435793,0.8455804943350368,132
0.8,0.5,60000,0.9287138756372341,0.96016898008449,0.9268749345205879,0.055233333333333336,176835,207452,175208,0.9907993327112845,0.8445712743188786,0.9898827585435793,0.8455804943350368,132
0.8,0.3,60000,0.9287138756372341,0.96016898008449,0.9268749345205879,0.055233333333333336,176835,207452,175208,0.9907993327112845,0.8445712743188786,0.9898827585435793,0.8455804943350368,132
0.55,0.3,60000,0.9279675714847853,0.8925769462884732,0.9300365926169974,0.055233333333333336,185404,207452,180923,0.9758311579038208,0.8721198156682027,0.9733976665562344,0.8724274412310259,356
0.55,0.0,60000,0.9279675714847853,0.8925769462884732,0.9300365926169974,0.055233333333333336,185404,207452,180923,0.9758311579038208,0.8721198156682027,0.9733976665562344,0.8724274412310259,356
0.55,0.5,60000,0.9279675714847853,0.8925769462884732,0.9300365926169974,0.055233333333333336,185404,207452,180923,0.9758311579038208,0.8721198156682027,0.9733976665562344,0.8724274412310259,356
0.4,0.7,60000,0.9277463733722608,0.8210621605310803,0.9339833892378303,0.055233333333333336,181026,207452,178028,0.9834388430391214,0.8581647802865241,0.9770786947895254,0.8605983957905067,593
0.85,0.0,60000,0.9265527130169187,0.9662039831019915,0.924234604329378,0.055233333333333336,174949,207452,173597,0.9922720335640672,0.836805622505447,0.9914081528432643,0.8380222670655935,112
0.85,0.7,60000,0.9265527130169187,0.9662039831019915,0.924234604329378,0.055233333333333336,174949,207452,173597,0.9922720335640672,0.836805622505447,0.9914081528432643,0.8380222670655935,112
0.85,0.5,60000,0.9265527130169187,0.9662039831019915,0.924234604329378,0.055233333333333336,174949,207452,173597,0.9922720335640672,0.836805622505447,0.9914081528432643,0.8380222670655935,112
0.85,0.3,60000,0.9265527130169187,0.9662039831019915,0.924234604329378,0.055233333333333336,174949,207452,173597,0.9922720335640672,0.836805622505447,0.9914081528432643,0.8380222670655935,112
0.5,0.3,60000,0.9264469915136729,0.8750754375377188,0.9294502962075358,0.055233333333333336,187142,207452,181854,0.9717433820307574,0.8766076007944006,0.9689945210455377,0.8769293786652571,414
0.5,0.0,60000,0.9264469915136729,0.8750754375377188,0.9294502962075358,0.055233333333333336,187142,207452,181854,0.9717433820307574,0.8766076007944006,0.9689945210455377,0.8769293786652571,414
0.5,0.5,60000,0.9264469915136729,0.8750754375377188,0.9294502962075358,0.055233333333333336,187142,207452,181854,0.9717433820307574,0.8766076007944006,0.9689945210455377,0.8769293786652571,414
0.35,0.7,60000,0.9262855507336423,0.7824381412190706,0.9346952165264534,0.055233333333333336,181278,207452,178102,0.982479947925286,0.8585214893083701,0.974546641766937,0.8612110019097635,721
0.45,0.5,60000,0.9261270835691846,0.8602896801448401,0.9299760966402829,0.055233333333333336,187330,207452,181949,0.9712752895959003,0.8770655380521759,0.9678798507207255,0.877600494234231,463
0.3,0.7,60000,0.925458650734132,0.7604103802051901,0.9351077698911181,0.055233333333333336,181419,207452,178141,0.9819313302355321,0.8587094846036674,0.9731266603023205,0.8615796996481822,794
0.4,0.5,60000,0.9247911079925454,0.8210621605310803,0.9308553519308599,0.055233333333333336,187625,207452,182055,0.970313124583611,0.8775764996240094,0.9652680919768448,0.8785613428858675,593
0.25,0.7,60000,0.9243011661926013,0.7353651176825589,0.9353468223468948,0.055233333333333336,181554,207452,178163,0.9813223613911013,0.8588155332317837,0.971405684246988,0.8617833066528513,877
0.45,0.0,60000,0.9239592708574317,0.8602896801448401,0.9276815483795982,0.055233333333333336,189201,207452,182808,0.9662105379992706,0.881206254940902,0.9634646457445987,0.8813105729804738,463
0.45,0.3,60000,0.9239592708574317,0.8602896801448401,0.9276815483795982,0.055233333333333336,189201,207452,182808,0.9662105379992706,0.881206254940902,0.9634646457445987,0.8813105729804738,463
0.35,0.5,60000,0.9233672849097769,0.7824381412190706,0.9316063418584238,0.055233333333333336,187910,207452,182149,0.9693417061359161,0.8780296164895975,0.9627670667365567,0.8793014265211987,721
0.2,0.7,60000,0.922765418838104,0.703983101991551,0.9355559596776318,0.055233333333333336,181698,207452,178178,0.9806271945756145,0.8588878391145903,0.9693311036415879,0.861964715348708,981
0.3,0.5,60000,0.9225575024905421,0.7604103802051901,0.932037013538308,0.055233333333333336,188074,207452,182199,0.9687622956921211,0.8782706360989531,0.9613565169363103,0.8797383782838746,794
0.9,0.5,60000,0.922321063227562,0.9752564876282438,0.9192263309045219,0.055233333333333336,171849,207452,170884,0.9943846050893517,0.8237278985018222,0.9936317297777408,0.8252186731656972,82
0.9,0.7,60000,0.922321063227562,0.9752564876282438,0.9192263309045219,0.055233333333333336,171849,207452,170884,0.9943846050893517,0.8237278985018222,0.9936317297777408,0.8252186731656972,82
0.9,0.0,60000,0.922321063227562,0.9752564876282438,0.9192263309045219,0.055233333333333336,171849,207452,170884,0.9943846050893517,0.8237278985018222,0.9936317297777408,0.8252186731656972,82
0.9,0.3,60000,0.922321063227562,0.9752564876282438,0.9192263309045219,0.055233333333333336,171849,207452,170884,0.9943846050893517,0.8237278985018222,0.9936317297777408,0.8252186731656972,82
0.25,0.5,60000,0.9214015994995062,0.7353651176825589,0.932277740005828,0.055233333333333336,188228,207452,182227,0.9681184520900185,0.878405607080192,0.9596469750168787,0.8799944883841261,877
0.2,0.5,60000,0.919869623489405,0.703983101991551,0.9324908691628324,0.055233333333333336,188393,207452,182249,0.9673873233081909,0.8785116557083085,0.9575885861443136,0.880224409940301,981
0.4,0.0,60000,0.9187242847651513,0.8210621605310803,0.9244338476150916,0.055233333333333336,192379,207452,184125,0.9570951091335332,0.8875547114513237,0.9535288679340675,0.8877180437649512,593
0.4,0.3,60000,0.9187242847651513,0.8210621605310803,0.9244338476150916,0.055233333333333336,192379,207452,184125,0.9570951091335332,0.8875547114513237,0.9535288679340675,0.8877180437649512,593
0.93,0.0,60000,0.9168703335130238,0.9806879903439951,0.9131393996891901,0.055233333333333336,168759,207452,168040,0.9957394864866467,0.810018703121686,0.9951571652175775,0.8118379442379196,64
0.93,0.3,60000,0.9168703335130238,0.9806879903439951,0.9131393996891901,0.055233333333333336,168759,207452,168040,0.9957394864866467,0.810018703121686,0.9951571652175775,0.8118379442379196,64
0.93,0.5,60000,0.9168703335130238,0.9806879903439951,0.9131393996891901,0.055233333333333336,168759,207452,168040,0.9957394864866467,0.810018703121686,0.9951571652175775,0.8118379442379196,64
0.93,0.7,60000,0.9168703335130238,0.9806879903439951,0.9131393996891901,0.055233333333333336,168759,207452,168040,0.9957394864866467,0.810018703121686,0.9951571652175775,0.8118379442379196,64
0.35,0.0,60000,0.9135068298778938,0.7824381412190706,0.9211694208918183,0.055233333333333336,195337,207452,185275,0.9484890215371384,0.8930981624664983,0.9443184309525938,0.8931744664756344,721
0.35,0.3,60000,0.9135068298778938,0.7824381412190706,0.9211694208918183,0.055233333333333336,195337,207452,185275,0.9484890215371384,0.8930981624664983,0.9443184309525938,0.8931744664756344,721
0.95,0.0,60000,0.9117823194785021,0.9852142426071213,0.907489312505912,0.055233333333333336,166255,207452,165690,0.9966016059667379,0.7986907814819814,0.9962182786428397,0.8004542720566077,49
0.95,0.3,60000,0.9117823194785021,0.9852142426071213,0.907489312505912,0.055233333333333336,166255,207452,165690,0.9966016059667379,0.7986907814819814,0.9962182786428397,0.8004542720566077,49
0.95,0.5,60000,0.9117823194785021,0.9852142426071213,0.907489312505912,0.055233333333333336,166255,207452,165690,0.9966016059667379,0.7986907814819814,0.9962182786428397,0.8004542720566077,49
0.95,0.7,60000,0.9117823194785021,0.9852142426071213,0.907489312505912,0.055233333333333336,166255,207452,165690,0.9966016059667379,0.7986907814819814,0.9962182786428397,0.8004542720566077,49
0.3,0.3,60000,0.9093423430446875,0.7604103802051901,0.9180492640631063,0.055233333333333336,197567,207452,186032,0.9416147433528879,0.8967471993521393,0.9374235142525349,0.8967106486052963,794
0.3,0.0,60000,0.9093423430446875,0.7604103802051901,0.9180492640631063,0.055233333333333336,197567,207452,186032,0.9416147433528879,0.8967471993521393,0.9374235142525349,0.8967106486052963,794
0.25,0.3,60000,0.9081159653667313,0.7353651176825589,0.9182153957238803,0.055233333333333336,197779,207452,186081,0.9408531745028542,0.8969833985693076,0.9356257957961612,0.8970733399895803,877
0.2,0.3,60000,0.9065466657762147,0.703983101991551,0.918389019274122,0.055233333333333336,197983,207452,186112,0.9400403064909614,0.8971328307271079,0.933541196637335,0.8973708855328656,981
0.25,0.0,60000,0.9043029529387323,0.7353651176825589,0.914179465411635,0.055233333333333336,199835,207452,186690,0.9342207321039858,0.8999190174112566,0.9298078799215743,0.8995857181193949,877
0.2,0.0,60000,0.897990538955684,0.703983101991551,0.9093326806855491,0.055233333333333336,202403,207452,187294,0.9253518969580491,0.90283053429227,0.9207262429965803,0.9024570564135007,981
0.97,0.0,60000,0.897898979563847,0.9912492456246228,0.8924414983211165,0.055233333333333336,160406,207452,160077,0.9979489545278855,0.7716339201357423,0.9977081603149703,0.7734138337523653,29
0.97,0.3,60000,0.897898979563847,0.9912492456246228,0.8924414983211165,0.055233333333333336,160406,207452,160077,0.9979489545278855,0.7716339201357423,0.9977081603149703,0.7734138337523653,29
0.97,0.5,60000,0.897898979563847,0.9912492456246228,0.8924414983211165,0.055233333333333336,160406,207452,160077,0.9979489545278855,0.7716339201357423,0.9977081603149703,0.7734138337523653,29
0.97,0.7,60000,0.897898979563847,0.9912492456246228,0.8924414983211165,0.055233333333333336,160406,207452,160077,0.9979489545278855,0.7716339201357423,0.9977081603149703,0.7734138337523653,29
